{"cameraMode":{"drawMode":0,"name":"Shaded","section":"Shading Mode"},"sceneLighting":false,"audioPlay":false,"sceneViewState":{"showFog":true,"showMaterialUpdate":true,"showSkybox":false,"showFlares":true,"showImageEffects":true,"showParticleSystems":true},"in2DMode":false,"pivot":{"x":17.871871948242189,"y":5.0,"z":17.275976181030275},"rotation":{"x":-0.10634788870811463,"y":0.07003311067819596,"z":-0.007540539838373661,"w":-0.9919057488441467},"size":13.576799392700196,"orthographic":false}