{"cameraMode":{"drawMode":0,"name":"Shaded","section":"Shading Mode"},"sceneLighting":true,"audioPlay":false,"sceneViewState":{"showFog":true,"showMaterialUpdate":true,"showSkybox":true,"showFlares":true,"showImageEffects":true,"showParticleSystems":true},"in2DMode":false,"pivot":{"x":36.400001525878909,"y":7.3480000495910648,"z":2.684000015258789},"rotation":{"x":0.03418582305312157,"y":0.004489889368414879,"z":0.00011747598910005763,"w":-0.9994816780090332},"size":3.825967311859131,"orthographic":false}