{"cameraMode":{"drawMode":0,"name":"Shaded","section":"Shading Mode"},"sceneLighting":false,"audioPlay":false,"sceneViewState":{"showFog":true,"showMaterialUpdate":true,"showSkybox":false,"showFlares":true,"showImageEffects":true,"showParticleSystems":true},"in2DMode":false,"pivot":{"x":182.70443725585938,"y":109.01312255859375,"z":0.0},"rotation":{"x":-0.030011089518666269,"y":-0.140488862991333,"z":0.004228674340993166,"w":-0.9896925687789917},"size":575.1534423828125,"orthographic":false}