{"cameraMode":{"drawMode":0,"name":"Shaded","section":"Shading Mode"},"sceneLighting":true,"audioPlay":false,"sceneViewState":{"showFog":true,"showMaterialUpdate":true,"showSkybox":true,"showFlares":true,"showImageEffects":true,"showParticleSystems":true},"in2DMode":false,"pivot":{"x":151.67694091796876,"y":91.09239959716797,"z":-1.8405303955078126},"rotation":{"x":0.03418582305312157,"y":0.004489889368414879,"z":0.00011747598910005763,"w":-0.9994816780090332},"size":234.56346130371095,"orthographic":false}